{

  "id": "minuit",
  "title": "Contes de Minuit",
  "description": "Foundry VTT game system for the french RPG 'Contes de Minuit'",
  "version": "1.3.3",
  "compatibility": {
    "minimum": "11",
    "verified": "11.315"
  },
  "authors": [
    {
      "name": "JDW",
      "discord": "jdw",
      "reddit":"u/jidewe"
    },
    {
      "name": "Tortillas",
      "discord": "tortillas"
    }
  ],
  "esmodules": [
    "module/minuit.js"
  ],
  "styles": [
    "css/minuit.css"
  ],
  "languages": [
    {
      "lang": "en",
      "name": "English",
      "path": "lang/en.json"
    },
    {
      "lang": "fr",
      "name": "Français",
      "path": "lang/fr.json"
    }
  ],
  "socket": false,
  "initiative": "1d20",
  "gridDistance": 5,
  "gridUnits": "m",
  "primaryTokenAttribute": "vie",
  "secondaryTokenAttribute": "adrenaline",
  "url": "https://github.com/tortillas5/foundryvtt-minuit",
  "manifest": "https://github.com/tortillas5/foundryvtt-minuit/releases/latest/download/system.json",
  "download": "https://github.com/tortillas5/foundryvtt-minuit/releases/latest/download/system.zip"
}
